{
  "onset_threshold": 0.7235956,
  "frame_threshold": 0.4752977,
  "minimum_note_length": 80.38134
}