{
  "onset_threshold": 0.7282174,
  "frame_threshold": 0.46952105,
  "minimum_note_length": 77.81115
}