{
  "onset_threshold": 0.72859645,
  "frame_threshold": 0.50751466,
  "minimum_note_length": 231.7874
}