{
  "onset_threshold": 0.34472856,
  "frame_threshold": 0.40277717,
  "min_midi": 21,
  "max_midi": 108,
  "alignment_offset": -0.0020517856,
  "pitch_offset": -10,
  "minimum_note_length": 83.79386
}