{
  "onset_threshold": 0.7322891,
  "frame_threshold": 0.47181827,
  "minimum_note_length": 80.273834
}