{
  "onset_threshold": 0.7267219,
  "frame_threshold": 0.46714956,
  "minimum_note_length": 75.73276
}